{"param_names": {"ns": 0, "Ap": 1, "herei": 2, "heref": 3, "alphaq": 4, "hub": 5, "omegamh2": 6, "hireionz": 7, "bhfeedback": 8}, "param_limits": [[0.8, 1.05], [1.2e-09, 2.6e-09], [3.5, 4.5], [2.2, 3.2], [1.3, 3.0], [0.65, 0.75], [0.14, 0.146], [6.5, 8.0], [0.03, 0.07]], "fullphysics": true, "kf": [0.001084, 0.001626, 0.002168, 0.00271, 0.003252, 0.003794, 0.004336, 0.004878, 0.00542, 0.005962, 0.006504, 0.007046, 0.007588, 0.00813, 0.008672, 0.009214, 0.009756, 0.010298, 0.01084, 0.011382, 0.011924, 0.012466, 0.013008, 0.01355, 0.014092, 0.014634, 0.015176, 0.015718, 0.01626, 0.016802, 0.017344, 0.017886, 0.018428, 0.01897, 0.019512], "mf": [], "npart": 1536, "box": 120, "maxk": 5.3686390555116015, "omegabh2": 0.0224, "max_z": 4.6, "min_z": 2.2, "sample_params": [[0.84225, 1.3633333333333334e-09, 3.51, 2.85, 2.005, 0.6583333333333333, 0.1403, 6.725, 0.04533333333333334], [0.93975, 1.97e-09, 3.57, 2.71, 2.4850000000000003, 0.6716666666666666, 0.1451, 7.225, 0.060000000000000005], [0.838486842, 1.47631579e-09, 3.98157895, 3.08157895, 2.10921053, 0.743421053, 0.143394737, 7.70394737, 0.0526315789], [0.96575, 1.4566666666666668e-09, 3.55, 2.73, 1.645, 0.7016666666666667, 0.14170000000000002, 7.625, 0.06933333333333334], [0.86825, 1.3166666666666667e-09, 4.029999999999999, 3.0500000000000003, 1.8250000000000002, 0.675, 0.1411, 6.875, 0.04], [0.81625, 2.576666666666667e-09, 3.73, 2.69, 2.1550000000000002, 0.7316666666666667, 0.14309999999999998, 7.975, 0.058666666666666666], [0.8227500000000001, 1.9233333333333335e-09, 3.79, 3.0900000000000003, 1.7950000000000002, 0.685, 0.1445, 7.075, 0.06666666666666668], [0.97875, 1.7833333333333332e-09, 3.65, 2.85, 1.5250000000000001, 0.6916666666666667, 0.1405, 7.125, 0.04666666666666667], [0.89425, 2.0166666666666665e-09, 3.9099999999999997, 3.13, 1.945, 0.6516666666666667, 0.1413, 7.875, 0.042666666666666665], [0.98525, 2.4366666666666667e-09, 4.01, 2.63, 1.855, 0.6783333333333333, 0.1423, 6.925, 0.03866666666666667], [0.84875, 1.6433333333333332e-09, 3.77, 2.83, 2.395, 0.7483333333333333, 0.1429, 7.325, 0.030666666666666665], [0.956513158, 1.62368421e-09, 3.53947368, 3.16052632, 2.44078947, 0.730263158, 0.144815789, 6.79605263, 0.0621052632], [0.909120272, 1.81051541e-09, 4.04294102, 3.17, 1.83731692, 0.655, 0.140799206, 7.68996333, 0.0432434687], [0.8097500000000001, 1.5966666666666667e-09, 3.59, 2.79, 1.705, 0.6683333333333333, 0.1449, 7.925, 0.03333333333333333], [0.83575, 1.8766666666666666e-09, 3.83, 2.61, 2.245, 0.715, 0.1435, 6.625, 0.05466666666666667], [0.95275, 1.7366666666666667e-09, 4.069999999999999, 2.93, 2.305, 0.6916666666666667, 0.1421, 7.375, 0.05733333333333333], [0.84875, 2.0166666666666665e-09, 3.9499999999999997, 3.0500000000000003, 1.425, 0.725, 0.1435, 7.625, 0.03333333333333333], [0.935986842, 1.99210526e-09, 3.68157895, 2.63947368, 2.22763158, 0.706578947, 0.141815789, 6.95394737, 0.0673684211], [0.904734358, 1.7867288099999998e-09, 3.97459518, 2.98720962, 2.09592901, 0.745, 0.145449991, 7.46623344, 0.0430153024], [0.86175, 1.41e-09, 3.8899999999999997, 3.0300000000000002, 1.975, 0.7183333333333334, 0.1419, 7.775, 0.032], [0.92025, 2.0633333333333334e-09, 3.69, 2.89, 1.885, 0.6950000000000001, 0.14250000000000002, 7.825, 0.064], [0.9137500000000001, 1.27e-09, 3.9699999999999998, 3.1900000000000004, 2.275, 0.7416666666666667, 0.14150000000000001, 7.425, 0.04933333333333334], [0.93325, 1.8300000000000003e-09, 4.09, 2.75, 2.425, 0.6816666666666666, 0.1455, 7.025, 0.06133333333333334], [0.97875, 2.4833333333333336e-09, 3.9899999999999998, 3.0100000000000002, 2.335, 0.7083333333333334, 0.14070000000000002, 7.125, 0.037333333333333336], [0.859013158, 1.29210526e-09, 3.91842105, 2.71842105, 1.87236842, 0.693421053, 0.141184211, 7.15131579, 0.0578947368], [0.87475, 2.2500000000000003e-09, 3.61, 3.1100000000000003, 2.455, 0.745, 0.1409, 7.275, 0.05333333333333333], [0.908943872, 1.76016521e-09, 4.06999937, 2.63893521, 2.39122541, 0.697268517, 0.1457, 6.93813365, 0.0590410641], [0.9722500000000001, 1.69e-09, 3.8699999999999997, 2.65, 2.125, 0.7216666666666667, 0.1437, 7.525, 0.050666666666666665], [0.910328947, 2.17631579e-09, 3.76052632, 2.86052632, 2.32236842, 0.656578947, 0.144184211, 7.90131579, 0.0473684211], [0.90075, 1.2233333333333332e-09, 3.9299999999999997, 2.87, 1.675, 0.7116666666666667, 0.1459, 6.975, 0.068], [0.8552500000000001, 1.7833333333333334e-09, 3.65, 3.1500000000000004, 1.915, 0.6883333333333334, 0.1427, 6.675, 0.06533333333333334], [0.92675, 2.11e-09, 3.67, 2.95, 2.365, 0.665, 0.1401, 7.574999999999999, 0.048], [0.982171053, 1.80789474e-09, 3.61842105, 2.78157895, 1.77763158, 0.719736842, 0.142605263, 7.54605263, 0.0421052632], [0.884671053, 2.32368421e-09, 4.06052632, 2.93947368, 1.99078947, 0.669736842, 0.145605263, 6.59868421, 0.0378947368], [0.909475936, 1.98137389e-09, 3.75465601, 3.00952068, 2.43025565, 0.681591829, 0.1403, 7.60269787, 0.0448727377], [0.82925, 2.3900000000000002e-09, 3.63, 2.97, 1.615, 0.6983333333333334, 0.1433, 6.775, 0.044], [0.8812500000000001, 2.156666666666667e-09, 3.71, 2.91, 2.065, 0.7283333333333333, 0.1457, 7.725, 0.04133333333333333], [0.81625, 1.55e-09, 3.55, 3.1500000000000004, 1.475, 0.6583333333333333, 0.14250000000000002, 7.375, 0.05333333333333333], [0.94625, 2.4833333333333332e-09, 4.05, 2.95, 1.375, 0.675, 0.1455, 7.875, 0.06666666666666668], [0.88775, 2.53e-09, 3.53, 3.0700000000000003, 2.095, 0.7383333333333333, 0.1447, 6.525, 0.06266666666666668], [0.812828947, 2.50789474e-09, 3.83947368, 3.01842105, 1.65921053, 0.680263158, 0.140394737, 7.34868421, 0.0326315789], [0.99175, 2.296666666666667e-09, 3.9499999999999997, 2.81, 2.185, 0.7050000000000001, 0.1441, 7.675, 0.052000000000000005], [0.9137500000000001, 1.3166666666666667e-09, 3.8499999999999996, 2.65, 1.5750000000000002, 0.7416666666666667, 0.14150000000000001, 6.875, 0.04], [0.94625, 1.55e-09, 3.8499999999999996, 3.17, 1.735, 0.655, 0.14529999999999998, 6.575, 0.036], [0.80325, 2.2033333333333334e-09, 4.05, 2.67, 2.215, 0.735, 0.1405, 7.175, 0.056], [0.90725, 1.5033333333333335e-09, 3.75, 2.77, 2.035, 0.6616666666666667, 0.1439, 7.475, 0.034666666666666665], [0.88125, 2.2500000000000003e-09, 3.75, 2.75, 1.325, 0.7083333333333334, 0.1445, 6.625, 0.060000000000000005], [0.9592499999999999, 2.3433333333333333e-09, 3.8099999999999996, 2.99, 1.7650000000000001, 0.725, 0.14429999999999998, 6.825, 0.04666666666666667], [0.95625, 2.1916666666666664e-09, 3.625, 2.575, 2.8958333333333335, 0.7291666666666666, 0.14575, 6.9375, 0.041666666666666664], [0.9354166666666667, 1.375e-09, 4.375, 2.7416666666666667, 2.6875, 0.7125, 0.14225000000000002, 7.0625, 0.05500000000000001], [0.89375, 1.8416666666666666e-09, 4.458333333333333, 3.075, 2.6041666666666665, 0.6958333333333333, 0.14175000000000001, 6.8125, 0.045], [0.8104166666666667, 2.5416666666666667e-09, 4.291666666666667, 2.908333333333333, 2.6458333333333335, 0.7458333333333333, 0.14425, 7.5625, 0.04833333333333334], [1.01875, 2.4250000000000002e-09, 4.041666666666667, 2.6583333333333337, 2.8541666666666665, 0.7375, 0.14275000000000002, 7.3125, 0.051666666666666666], [0.9979166666666667, 1.6083333333333333e-09, 3.7916666666666665, 3.158333333333333, 2.7708333333333335, 0.6791666666666667, 0.14125000000000001, 7.1875, 0.065], [0.8729166666666667, 1.2583333333333334e-09, 3.9583333333333335, 2.2416666666666667, 2.5625, 0.6875, 0.14325, 7.6875, 0.058333333333333334], [0.9770833333333333, 1.9583333333333335e-09, 4.125, 2.4083333333333337, 2.7291666666666665, 0.6625, 0.14025, 7.4375, 0.03833333333333333], [0.9145833333333334, 1.4916666666666666e-09, 3.5416666666666665, 2.325, 2.8125, 0.7208333333333333, 0.14475, 6.5625, 0.03166666666666666], [0.8520833333333334, 2.075e-09, 3.875, 2.825, 2.9375, 0.7041666666666667, 0.14375, 7.9375, 0.06166666666666667], [0.83125, 2.3083333333333333e-09, 3.7083333333333335, 2.9916666666666667, 2.9791666666666665, 0.6541666666666667, 0.14075000000000001, 6.6875, 0.035], [1.0395833333333333, 