{"param_names": {"ns": 0, "Ap": 1, "herei": 2, "heref": 3, "alphaq": 4, "hub": 5, "omegamh2": 6, "hireionz": 7, "bhfeedback": 8}, "param_limits": [[0.8, 1.05], [1.2e-09, 2.6e-09], [3.5, 4.5], [2.2, 3.2], [1.3, 3.0], [0.65, 0.75], [0.14, 0.146], [6.5, 8.0], [0.03, 0.07]], "fullphysics": true, "kf": [0.001084, 0.001626, 0.002168, 0.00271, 0.003252, 0.003794, 0.004336, 0.004878, 0.00542, 0.005962, 0.006504, 0.007046, 0.007588, 0.00813, 0.008672, 0.009214, 0.009756, 0.010298, 0.01084, 0.011382, 0.011924, 0.012466, 0.013008, 0.01355, 0.014092, 0.014634, 0.015176, 0.015718, 0.01626, 0.016802, 0.017344, 0.017886, 0.018428, 0.01897, 0.019512], "mf": [], "npart": 3072, "box": 120, "maxk": 5.3686390555116015, "omegabh2": 0.0224, "max_z": 4.6, "min_z": 2.2, "sample_params": [[0.909475936, 1.98137389e-09, 3.75465601, 3.00952068, 2.43025565, 0.681591829, 0.1403, 7.60269787, 0.0448727377], [0.91375, 1.31666667e-09, 3.85, 2.65, 1.575, 0.741666667, 0.1415, 6.875, 0.04], [0.859013158, 1.29210526e-09, 3.91842105, 2.71842105, 1.87236842, 0.693421053, 0.141184211, 7.15131579, 0.0578947368]], "basedir": "/scratch1/04808/tg841079/Lya_forest/emu_full_hires", "tau_thresh": 1000000.0, "really_arrays": ["param_limits", "kf", "sample_params"], "myspec": null}
